contributor_uuid,score
de68bbf8-46d7-45f0-9111-92e64ab9499a,0.24166666666666664
f9143626-bfe0-4e69-b652-6d1525ab4eb0,0.20833333333333331
85579cf2-e01c-45c5-b9e7-34b40467148d,0.5499999999999999
00f548b7-6b63-4b47-828e-8e416b6ca0e2,0.5499999999999999
95dc40d9-3710-47d7-abf0-24b825a1d0c5,0.5499999999999999
bd786026-bad5-4fa8-9a3a-38ca03a16412,0.3416666666666667
e1ae8875-a398-4dde-8f4e-4b21109784e3,0.6916666666666665
